"StateID","StateName","DistrictID","DistrictCensusCode2011","DistrictName","TotalBlock","TotalODFBlock","Date"
"26","A & N Islands","577","638","NICOBARS","1","1","10/30/2023 12:00:00 AM"
"26","A & N Islands","577","638","NICOBARS","3","1","10/30/2023 12:00:00 AM"
"26","A & N Islands","578","639","NORTH AND MIDDLE ANDAMAN","3","3","10/30/2023 12:00:00 AM"
"26","A & N Islands","576","640","SOUTH ANDAMANS","3","3","10/30/2023 12:00:00 AM"
"1","Andhra Pradesh","1366","805","ALLURI SITHARAMA RAJU","22","22","10/30/2023 12:00:00 AM"
"1","Andhra Pradesh","1367","804","ANAKAPALLI","24","24","10/30/2023 12:00:00 AM"
"1","Andhra Pradesh","1","553","ANANTAPUR","31","31","10/30/2023 12:00:00 AM"
"1","Andhra Pradesh","1368","813","ANNAMAYYA","30","30","10/30/2023 12:00:00 AM"
"1","Andhra Pradesh","1369","810","BAPATLA","25","25","10/30/2023 12:00:00 AM"
"1","Andhra Pradesh","2","554","CHITTOOR","31","31","10/30/2023 12:00:00 AM"
"1","Andhra Pradesh","3","551","CUDDAPAH","35","35","10/30/2023 12:00:00 AM"
"1","Andhra Pradesh","4","545","EAST GODAVARI","18","18","10/30/2023 12:00:00 AM"
"1","Andhra Pradesh","1370","808","ELURU","27","27","10/30/2023 12:00:00 AM"
"1","Andhra Pradesh","1370","808","ELURU","28","27","10/30/2023 12:00:00 AM"
"1","Andhra Pradesh","5","548","GUNTUR","15","15","10/30/2023 12:00:00 AM"
"1","Andhra Pradesh","5","548","GUNTUR","16","15","10/30/2023 12:00:00 AM"
"1","Andhra Pradesh","1371","806","KAKINADA","20","20","10/30/2023 12:00:00 AM"
"1","Andhra Pradesh","1372","807","KONASEEMA","22","22","10/30/2023 12:00:00 AM"
"1","Andhra Pradesh","6","547","KRISHNA","25","25","10/30/2023 12:00:00 AM"
"1","Andhra Pradesh","7","552","KURNOOL","25","25","10/30/2023 12:00:00 AM"
"1","Andhra Pradesh","1373","815","NANDYAL","28","28","10/30/2023 12:00:00 AM"
"1","Andhra Pradesh","8","550","NELLORE","37","37","10/30/2023 12:00:00 AM"
"1","Andhra Pradesh","1374","809","NTR","16","16","10/30/2023 12:00:00 AM"
"1","Andhra Pradesh","1375","811","PALNADU","28","28","10/30/2023 12:00:00 AM"
"1","Andhra Pradesh","1376","803","PARVATHIPURAM MANYAM","15","15","10/30/2023 12:00:00 AM"
"1","Andhra Pradesh","9","549","PRAKASAM","38","38","10/30/2023 12:00:00 AM"
"1","Andhra Pradesh","1377","814","Sri Sathya Sai","32","32","10/30/2023 12:00:00 AM"
"1","Andhra Pradesh","10","542","SRIKAKULAM","30","30","10/30/2023 12:00:00 AM"
"1","Andhra Pradesh","1378","812","TIRUPATI","33","33","10/30/2023 12:00:00 AM"
"1","Andhra Pradesh","11","544","VISAKHAPATNAM","4","4","10/30/2023 12:00:00 AM"
"1","Andhra Pradesh","12","543","VIZIANAGARAM","27","27","10/30/2023 12:00:00 AM"
"1","Andhra Pradesh","13","546","WEST GODAVARI","19","20","10/30/2023 12:00:00 AM"
"1","Andhra Pradesh","13","546","WEST GODAVARI","20","20","10/30/2023 12:00:00 AM"
"2","Arunachal Pradesh","29","260","ANJAW","4","4","10/30/2023 12:00:00 AM"
"2","Arunachal Pradesh","14","253","CHANGLANG","9","9","10/30/2023 12:00:00 AM"
"2","Arunachal Pradesh","15","257","DIBANG VALLEY","3","3","10/30/2023 12:00:00 AM"
"2","Arunachal Pradesh","16","247","EAST KAMENG","7","7","10/30/2023 12:00:00 AM"
"2","Arunachal Pradesh","17","251","EAST SIANG","3","3","10/30/2023 12:00:00 AM"
"2","Arunachal Pradesh","759","778","KAMLE","2","2","10/30/2023 12:00:00 AM"
"2","Arunachal Pradesh","728","763","KRA-DAADI","6","6","10/30/2023 12:00:00 AM"
"2","Arunachal Pradesh","28","256","KURUNG KUMEY","6","6","10/30/2023 12:00:00 AM"
"2","Arunachal Pradesh","761","784","LAPA RADA","3","3","10/30/2023 12:00:00 AM"
"2","Arunachal Pradesh","18","259","LOHIT","2","2","10/30/2023 12:00:00 AM"
"2","Arunachal Pradesh","729","761","LONGDING","4","4","10/30/2023 12:00:00 AM"
"2","Arunachal Pradesh","27","258","LOWER DIBANG VALLEY","3","3","10/30/2023 12:00:00 AM"
"2","Arunachal Pradesh","758","779","LOWER SIANG","3","3","10/30/2023 12:00:00 AM"
"2","Arunachal Pradesh","19","255","LOWER SUBANSIRI","4","4","10/30/2023 12:00:00 AM"
"2","Arunachal Pradesh","730","762","NAMSAI","3","3","10/30/2023 12:00:00 AM"
"2","Arunachal Pradesh","760","783","PAKKE-KESSANG","2","2","10/30/2023 12:00:00 AM"
"2","Arunachal Pradesh","20","248","PAPUM PARE","6","6","10/30/2023 12:00:00 AM"
"2","Arunachal Pradesh","762","785","SHI YOMI","2","2","10/30/2023 12:00:00 AM"
"2","Arunachal Pradesh","731","764","SIANG","6","6","10/30/2023 12:00:00 AM"
"2","Arunachal Pradesh","21","245","TAWANG","6","6","10/30/2023 12:00:00 AM"
"2","Arunachal Pradesh","22","254","TIRAP","5","5","10/30/2023 12:00:00 AM"
"2","Arunachal Pradesh","23","252","UPPER SIANG","6","6","10/30/2023 12:00:00 AM"
"2","Arunachal Pradesh","24","249","UPPER SUBANSIRI","10","10","10/30/2023 12:00:00 AM"
"2","Arunachal Pradesh","25","246","WEST KAMENG","5","5","10/30/2023 12:00:00 AM"
"2","Arunachal Pradesh","26","250","WEST SIANG","4","4","10/30/2023 12:00:00 AM"
"3","Assam","1384","799","BAJALI","2","2","10/30/2023 12:00:00 AM"
"3","Assam","53","324","BAKSA","5","9","10/30/2023 12:00:00 AM"
"3","Assam","53","324","BAKSA","9","9","10/30/2023 12:00:00 AM"
"3","Assam","30","303","BARPETA","9","9","10/30/2023 12:00:00 AM"
"3","Assam","739","756","BISWANATH","7","7","10/30/2023 12:00:00 AM"
"3","Assam","31","319","BONGAIGAON","5","5","10/30/2023 12:00:00 AM"
"3","Assam","32","316","CACHAR","15","15","10/30/2023 12:00:00 AM"
"3","Assam","740","755","CHARAIDEO","5","5","10/30/2023 12:00:00 AM"
"3","Assam","54","320","CHIRANG","3","4","10/30/2023 12:00:00 AM"
"3","Assam","54","320","CHIRANG","4","4","10/30/2023 12:00:00 AM"
"3","Assam","33","325","DARRANG","6","6","10/30/2023 12:00:00 AM"
"3","Assam","34","308","DHEMAJI","5","5","10/30/2023 12:00:00 AM"
"3","Assam","35","301","DHUBRI","13","13","10/30/2023 12:00:00 AM"
"3","Assam","36","310","DIBRUGARH","7","7","10/30/2023 12:00:00 AM"
"3","Assam","47","315","DIMA HASAO","5","5","10/30/2023 12:00:00 AM"
"3","Assam","37","302","GOALPARA","8","8","10/30/2023 12:00:00 AM"
"3","Assam","38","313","GOLAGHAT","8","8","10/30/2023 12:00:00 AM"
"3","Assam","39","318","HAILAKANDI","5","5","10/30/2023 12:00:00 AM"
"3","Assam","741","757","HOJAI","5","5","10/30/2023 12:00:00 AM"
"3","Assam","40","312","JORHAT","6","6","10/30/2023 12:00:00 AM"
"3","Assam","41","321","KAMRUP","14","14","10/30/2023 12:00:00 AM"
"3","Assam","56","322","KAMRUP METROPOLITAN","4","4","10/30/2023 12:00:00 AM"
"3","Assam","42","314","KARBI ANGLONG","7","7","10/30/2023 12:00:00 AM"
"3","Assam","43","317","KARIMGANJ","7","7","10/30/2023 12:00:00 AM"
"3","Assam","44","300","KOKRAJHAR","9","9","10/30/2023 12:00:00 AM"
"3","Assam","45","307","LAKHIMPUR","9","9","10/30/2023 12:00:00 AM"
"3","Assam","742","760","MAJULI","2","2","10/30/2023 12:00:00 AM"
"3","Assam","46","304","MORIGAON","7","7","10/30/2023 12:00:00 AM"
"3","Assam","48","305","NAGAON","15","15","10/30/2023 12:00:00 AM"
"3","Assam","49","323","NALBARI","7","7","10/30/2023 12:00:00 AM"
"3","Assam","50","311","SIVASAGAR","5","5","10/30/2023 12:00:00 AM"
"3","Assam","51","306","SONITPUR","7","7","10/30/2023 12:00:00 AM"
"3","Assam","743","758","SOUTH SALMARA MANCACHAR","3","3","10/30/2023 12:00:00 AM"
"3","Assam","52","309","TINSUKIA","7","7","10/30/2023 12:00:00 AM"
"3","Assam","55","326","UDALGURI","11","11","10/30/2023 12:00:00 AM"
"3","Assam","744","759","WEST KARBI ANGLONG","4","4","10/30/2023 12:00:00 AM"
"4","Bihar","57","209","ARARIA","9","9","10/30/2023 12:00:00 AM"
"4","Bihar","94","240","ARWAL","5","5","10/30/2023 12:00:00 AM"
"4","Bihar","58","235","AURANGABAD","11","11","10/30/2023 12:00:00 AM"
"4","Bihar","59","225","BANKA","11","11","10/30/2023 12:00:00 AM"
"4","Bihar","60","222","BEGUSARAI","18","18","10/30/2023 12:00:00 AM"
"4","Bihar","62","224","BHAGALPUR","16","16","10/30/2023 12:00:00 AM"
"4","Bihar","63","231","BHOJPUR","14","14","10/30/2023 12:00:00 AM"
"4","Bihar","64","232","BUXAR","11","11","10/30/2023 12:00:00 AM"
"4","Bihar","67","215","DARBHANGA","18","18","10/30/2023 12:00:00 AM"
"4","Bihar","68","236","GAYA","24","24","10/30/2023 12:00:00 AM"
"4","Bihar","69","217","GOPALGANJ","14","14","10/30/2023 12:00:00 AM"
"4","Bihar","70","238","JAMUI","10","10","10/30/2023 12:00:00 AM"
"4","Bihar","71","239","JEHANABAD","7","7","10/30/2023 12:00:00 AM"
"4","Bihar","61","233","KAIMUR(BHABUA)","11","11","10/30/2023 12:00:00 AM"
"4","Bihar","72","212","KATIHAR","16","16","10/30/2023 12:00:00 AM"
"4","Bihar","73","223","KHAGARIA","7","7","10/30/2023 12:00:00 AM"
"4","Bihar","74","210","KISHANGANJ","7","7","10/30/2023 12:00:00 AM"
"4","Bihar","75","227","LAKHISARAI","7","7","10/30/2023 12:00:00 AM"
"4","Bihar","76","213","MADHEPURA","13","13","10/30/2023 12:00:00 AM"
"4","Bihar","77","207","MADHUBANI","21","21","10/30/2023 12:00:00 AM"
"4","Bihar","78","226","MUNGER","9","9","10/30/2023 12:00:00 AM"
"4","Bihar","79","216","MUZAFFARPUR","16","16","10/30/2023 12:00:00 AM"
"4","Bihar","80","229","NALANDA","20","20","10/30/2023 12:00:00 AM"
"4","Bihar","81","237","NAWADA","14","14","10/30/2023 12:00:00 AM"
"4","Bihar","66","203","PASHCHIM CHAMPARAN","17","17","10/30/2023 12:00:00 AM"
"4","Bihar","66","203","PASHCHIM CHAMPARAN","18","17","10/30/2023 12:00:00 AM"
"4","Bihar","82","230","PATNA","23","23","10/30/2023 12:00:00 AM"
"4","Bihar","65","204","PURBA CHAMPARAN","27","27","10/30/2023 12:00:00 AM"
"4","Bihar","83","211","PURNIA","14","14","10/30/2023 12:00:00 AM"
"4","Bihar","85","214","SAHARSA","10","10","10/30/2023 12:00:00 AM"
"4","Bihar","86","221","SAMASTIPUR","20","20","10/30/2023 12:00:00 AM"
"4","Bihar","87","219","SARAN","20","20","10/30/2023 12:00:00 AM"
"4","Bihar","84","234","SASARAM(ROHTAS)","19","19","10/30/2023 12:00:00 AM"
"4","Bihar","89","228","SHEIKHPURA","6","6","10/30/2023 12:00:00 AM"
"4","Bihar","88","205","SHEOHAR","5","5","10/30/2023 12:00:00 AM"
"4","Bihar","90","206","SITAMARHI","17","17","10/30/2023 12:00:00 AM"
"4","Bihar","91","218","SIWAN","19","19","10/30/2023 12:00:00 AM"
"4","Bihar","92","208","SUPAUL","11","11","10/30/2023 12:00:00 AM"
"4","Bihar","93","220","VAISHALI","16","16","10/30/2023 12:00:00 AM"
"34","Chhattisgarh","632","719","BALOD","5","4","10/30/2023 12:00:00 AM"
"34","Chhattisgarh","630","721","BALODA BAZAR","5","5","10/30/2023 12:00:00 AM"
"34","Chhattisgarh","635","716","BALRAMPUR","6","3","10/30/2023 12:00:00 AM"
"34","Chhattisgarh","625","414","BASTAR(JAGDALPUR)","7","5","10/30/2023 12:00:00 AM"
"34","Chhattisgarh","636","718","BEMETARA","4","4","10/30/2023 12:00:00 AM"
"34","Chhattisgarh","626","417","BIJAPUR","4","4","10/30/2023 12:00:00 AM"
"34","Chhattisgarh","610","406","BILASPUR","4","4","10/30/2023 12:00:00 AM"
"34","Chhattisgarh","611","416","DANTEWADA","4","4","10/30/2023 12:00:00 AM"
"34","Chhattisgarh","612","412","DHAMTARI","4","4","10/30/2023 12:00:00 AM"
"34","Chhattisgarh","613","409","DURG","3","3","10/30/2023 12:00:00 AM"
"34","Chhattisgarh","631","720","GARIYABAND","5","3","10/30/2023 12:00:00 AM"
"34","Chhattisgarh","1365","791","Gaurella Pendra Marwahi","3","NA","10/30/2023 12:00:00 AM"
"34","Chhattisgarh","614","405","JANJGIR - CHAMPA","5","5","10/30/2023 12:00:00 AM"
"34","Chhattisgarh","615","402","JASHPUR","8","8","10/30/2023 12:00:00 AM"
"34","Chhattisgarh","616","413","KANKER","7","7","10/30/2023 12:00:00 AM"
"34","Chhattisgarh","624","407","KAWARDHA(KABIRDHAM)","4","4","10/30/2023 12:00:00 AM"
"34","Chhattisgarh","1382","821","KHAIRAGARH-CHHUIKHADAN-GANDAI","2","2","10/30/2023 12:00:00 AM"
"34","Chhattisgarh","629","722","KONDAGAON","5","3","10/30/2023 12:00:00 AM"
"34","Chhattisgarh","617","404","KORBA","5","5","10/30/2023 12:00:00 AM"
"34","Chhattisgarh","618","400","KORIYA","2","1","10/30/2023 12:00:00 AM"
"34","Chhattisgarh","619","411","MAHASAMUND","5","5","10/30/2023 12:00:00 AM"
"34","Chhattisgarh","1379","822","MANENDRAGARH-CHIRMIRI-BHARATPUR","3","3","10/30/2023 12:00:00 AM"
"34","Chhattisgarh","1381","823","MOHALA-MANPUR-AMBAGARH CHOWKI","3","3","10/30/2023 12:00:00 AM"
"34","Chhattisgarh","633","717","MUNGELI","3","3","10/30/2023 12:00:00 AM"
"34","Chhattisgarh","627","415","NARAYANPUR","2","2","10/30/2023 12:00:00 AM"
"34","Chhattisgarh","620","403","RAIGARH","7","7","10/30/2023 12:00:00 AM"
"34","Chhattisgarh","621","410","RAIPUR","4","4","10/30/2023 12:00:00 AM"
"34","Chhattisgarh","622","408","RAJNANDGAON","4","4","10/30/2023 12:00:00 AM"
"34","Chhattisgarh","1380","824","SAKTI","4","4","10/30/2023 12:00:00 AM"
"34","Chhattisgarh","1383","825","SARANGARH-BILAIGARH","3","3","10/30/2023 12:00:00 AM"
"34","Chhattisgarh","628","723","SUKMA","3","3","10/30/2023 12:00:00 AM"
"34","Chhattisgarh","634","715","SURAJPUR","6","6","10/30/2023 12:00:00 AM"
"34","Chhattisgarh","623","401","SURGUJA","7","7","10/30/2023 12:00:00 AM"
"38","D & N Haveli and Daman & Diu","580","496","DADRA AND NAGAR HAVELI","1","1","10/30/2023 12:00:00 AM"
"38","D & N Haveli and Daman & Diu","581","495","DAMAN","1","1","10/30/2023 12:00:00 AM"
"38","D & N Haveli and Daman & Diu","582","494","DIU","1","1","10/30/2023 12:00:00 AM"
"5","Goa","95","585","NORTH GOA","5","5","10/30/2023 12:00:00 AM"
"5","Goa","96","586","SOUTH GOA","7","7","10/30/2023 12:00:00 AM"
"6","Gujarat","97","474","AHMEDABAD","9","9","10/30/2023 12:00:00 AM"
"6","Gujarat","98","480","AMRELI","11","11","10/30/2023 12:00:00 AM"
"6","Gujarat","99","482","ANAND","8","8","10/30/2023 12:00:00 AM"
"6","Gujarat","125","725","ARAVALLI","6","6","10/30/2023 12:00:00 AM"
"6","Gujarat","100","469","BANAS KANTHA","14","14","10/30/2023 12:00:00 AM"
"6","Gujarat","101","488","BHARUCH","9","9","10/30/2023 12:00:00 AM"
"6","Gujarat","102","481","BHAVNAGAR","10","10","10/30/2023 12:00:00 AM"
"6","Gujarat","126","726","BOTAD","4","4","10/30/2023 12:00:00 AM"
"6","Gujarat","123","731","CHHOTAUDEPUR","6","6","10/30/2023 12:00:00 AM"
"6","Gujarat","103","485","DAHOD","9","9","10/30/2023 12:00:00 AM"
"6","Gujarat","104","489","DANGS","3","3","10/30/2023 12:00:00 AM"
"6","Gujarat","127","728","DEVBHOOMI DWARKA","4","4","10/30/2023 12:00:00 AM"
"6","Gujarat","105","473","GANDHINAGAR","4","4","10/30/2023 12:00:00 AM"
"6","Gujarat","124","729","GIR SOMNATH","6","6","10/30/2023 12:00:00 AM"
"6","Gujarat","106","477","JAMNAGAR","6","6","10/30/2023 12:00:00 AM"
"6","Gujarat","107","479","JUNAGADH","9","9","10/30/2023 12:00:00 AM"
"6","Gujarat","109","468","KACHCHH","10","10","10/30/2023 12:00:00 AM"
"6","Gujarat","108","483","KHEDA","10","10","10/30/2023 12:00:00 AM"
"6","Gujarat","128","730","MAHISAGAR","6","6","10/30/2023 12:00:00 AM"
"6","Gujarat","110","471","MEHSANA","10","10","10/30/2023 12:00:00 AM"
"6","Gujarat","129","727","MORBI","5","5","10/30/2023 12:00:00 AM"
"6","Gujarat","111","487","NARMADA","5","5","10/30/2023 12:00:00 AM"
"6","Gujarat","121","490","NAVSARI","6","6","10/30/2023 12:00:00 AM"
"6","Gujarat","113","484","PANCH MAHALS","7","7","10/30/2023 12:00:00 AM"
"6","Gujarat","114","470","PATAN","9","9","10/30/2023 12:00:00 AM"
"6","Gujarat","115","478","PORBANDAR","3","3","10/30/2023 12:00:00 AM"
"6","Gujarat","116","476","RAJKOT","11","11","10/30/2023 12:00:00 AM"
"6","Gujarat","117","472","SABAR KANTHA","8","8","10/30/2023 12:00:00 AM"
"6","Gujarat","118","492","SURAT","9","9","10/30/2023 12:00:00 AM"
"6","Gujarat","119","475","SURENDRANAGAR","10","10","10/30/2023 12:00:00 AM"
"6","Gujarat","122","493","TAPI","7","7","10/30/2023 12:00:00 AM"
"6","Gujarat","112","486","VADODARA","8","8","10/30/2023 12:00:00 AM"
"6","Gujarat","120","491","VALSAD","6","6","10/30/2023 12:00:00 AM"
"7","Haryana","130","070","AMBALA","6","6","10/30/2023 12:00:00 AM"
"7","Haryana","131","081","BHIWANI","7","7","10/30/2023 12:00:00 AM"
"7","Haryana","736","765","CHARKI DADRI","4","4","10/30/2023 12:00:00 AM"
"7","Haryana","132","088","FARIDABAD","3","3","10/30/2023 12:00:00 AM"
"7","Haryana","133","078","FATEHABAD","7","7","10/30/2023 12:00:00 AM"
"7","Haryana","134","086","GURGAON","4","4","10/30/2023 12:00:00 AM"
"7","Haryana","135","080","HISAR","9","9","10/30/2023 12:00:00 AM"
"7","Haryana","136","083","JHAJJAR","7","7","10/30/2023 12:00:00 AM"
"7","Haryana","137","077","JIND","8","8","10/30/2023 12:00:00 AM"
"7","Haryana","138","073","KAITHAL","7","7","10/30/2023 12:00:00 AM"
"7","Haryana","139","074","KARNAL","9","9","10/30/2023 12:00:00 AM"
"7","Haryana","140","072","KURUKSHETRA","7","7","10/30/2023 12:00:00 AM"
"7","Haryana","141","084","MAHENDRAGARH","8","8","10/30/2023 12:00:00 AM"
"7","Haryana","149","087","Nuh","7","7","10/30/2023 12:00:00 AM"
"7","Haryana","150","089","PALWAL","6","6","10/30/2023 12:00:00 AM"
"7","Haryana","142","069","PANCHKULA","4","4","10/30/2023 12:00:00 AM"
"7","Haryana","143","075","PANIPAT","6","6","10/30/2023 12:00:00 AM"
"7","Haryana","144","085","REWARI","7","7","10/30/2023 12:00:00 AM"
"7","Haryana","145","082","ROHTAK","5","5","10/30/2023 12:00:00 AM"
"7","Haryana","146","079","SIRSA","7","7","10/30/2023 12:00:00 AM"
"7","Haryana","147","076","SONIPAT","8","8","10/30/2023 12:00:00 AM"
"7","Haryana","148","071","YAMUNANAGAR","7","7","10/30/2023 12:00:00 AM"
"8","Himachal Pradesh","151","030","BILASPUR","4","4","10/30/2023 12:00:00 AM"
"8","Himachal Pradesh","152","023","CHAMBA","7","7","10/30/2023 12:00:00 AM"
"8","Himachal Pradesh","153","028","HAMIRPUR","6","6","10/30/2023 12:00:00 AM"
"8","Himachal Pradesh","154","024","KANGRA","16","2","10/30/2023 12:00:00 AM"
"8","Himachal Pradesh","155","034","KINNAUR","3","3","10/30/2023 12:00:00 AM"
"8","Himachal Pradesh","156","026","KULLU","6","3","10/30/2023 12:00:00 AM"
"8","Himachal Pradesh","157","025","LAHAUL & SPITI","2","2","10/30/2023 12:00:00 AM"
"8","Himachal Pradesh","158","027","MANDI","14","12","10/30/2023 12:00:00 AM"
"8","Himachal Pradesh","159","033","SHIMLA","13","7","10/30/2023 12:00:00 AM"
"8","Himachal Pradesh","160","032","SIRMAUR","7","3","10/30/2023 12:00:00 AM"
"8","Himachal Pradesh","161","031","SOLAN","5","NA","10/30/2023 12:00:00 AM"
"8","Himachal Pradesh","162","029","UNA","5","5","10/30/2023 12:00:00 AM"
"9","Jammu & Kashmir","163","014","ANANTNAG","16","16","10/30/2023 12:00:00 AM"
"9","Jammu & Kashmir","180","009","BANDIPORA","12","12","10/30/2023 12:00:00 AM"
"9","Jammu & Kashmir","164","008","BARAMULLA","26","26","10/30/2023 12:00:00 AM"
"9","Jammu & Kashmir","165","002","BUDGAM","17","17","10/30/2023 12:00:00 AM"
"9","Jammu & Kashmir","166","016","DODA","17","17","10/30/2023 12:00:00 AM"
"9","Jammu & Kashmir","183","011","GANDERBAL","7","7","10/30/2023 12:00:00 AM"
"9","Jammu & Kashmir","167","021","JAMMU","20","20","10/30/2023 12:00:00 AM"
"9","Jammu & Kashmir","169","007","KATHUA","19","19","10/30/2023 12:00:00 AM"
"9","Jammu & Kashmir","177","018","KISHTWAR","13","13","10/30/2023 12:00:00 AM"
"9","Jammu & Kashmir","179","015","KULGAM","11","11","10/30/2023 12:00:00 AM"
"9","Jammu & Kashmir","170","001","KUPWARA","24","24","10/30/2023 12:00:00 AM"
"9","Jammu & Kashmir","172","005","POONCH","11","11","10/30/2023 12:00:00 AM"
"9","Jammu & Kashmir","173","012","PULWAMA","11","11","10/30/2023 12:00:00 AM"
"9","Jammu & Kashmir","174","006","RAJAURI","19","19","10/30/2023 12:00:00 AM"
"9","Jammu & Kashmir","178","017","RAMBAN","11","11","10/30/2023 12:00:00 AM"
"9","Jammu & Kashmir","184","020","REASI","12","12","10/30/2023 12:00:00 AM"
"9","Jammu & Kashmir","181","022","SAMBA","9","9","10/30/2023 12:00:00 AM"
"9","Jammu & Kashmir","182","013","SHOPIAN","9","9","10/30/2023 12:00:00 AM"
"9","Jammu & Kashmir","175","010","SRINAGAR","4","4","10/30/2023 12:00:00 AM"
"9","Jammu & Kashmir","176","019","UDHAMPUR","17","17","10/30/2023 12:00:00 AM"
"35","Jharkhand","637","355","BOKARO","9","9","10/30/2023 12:00:00 AM"
"35","Jharkhand","638","347","CHATRA","12","12","10/30/2023 12:00:00 AM"
"35","Jharkhand","639","350","DEOGHAR","10","10","10/30/2023 12:00:00 AM"
"35","Jharkhand","640","354","DHANBAD","10","10","10/30/2023 12:00:00 AM"
"35","Jharkhand","641","362","DUMKA","10","10","10/30/2023 12:00:00 AM"
"35","Jharkhand","643","346","GARHWA","20","20","10/30/2023 12:00:00 AM"
"35","Jharkhand","644","349","GIRIDIH","13","13","10/30/2023 12:00:00 AM"
"35","Jharkhand","645","351","GODDA","9","9","10/30/2023 12:00:00 AM"
"35","Jharkhand","646","366","GUMLA","12","12","10/30/2023 12:00:00 AM"
"35","Jharkhand","647","360","HAZARIBAGH","16","16","10/30/2023 12:00:00 AM"
"35","Jharkhand","655","363","JAMTARA","6","6","10/30/2023 12:00:00 AM"
"35","Jharkhand","660","365","KHUNTI","6","6","10/30/2023 12:00:00 AM"
"35","Jharkhand","648","348","KODERMA","6","6","10/30/2023 12:00:00 AM"
"35","Jharkhand","657","359","LATEHAR","9","9","10/30/2023 12:00:00 AM"
"35","Jharkhand","649","356","LOHARDAGA","7","7","10/30/2023 12:00:00 AM"
"35","Jharkhand","650","353","PAKUR","6","6","10/30/2023 12:00:00 AM"
"35","Jharkhand","651","358","PALAMU","21","21","10/30/2023 12:00:00 AM"
"35","Jharkhand","654","368","PASCHIM SINGHBHUM","18","18","10/30/2023 12:00:00 AM"
"35","Jharkhand","642","357","PURBI SINGHBHUM","11","11","10/30/2023 12:00:00 AM"
"35","Jharkhand","659","361","RAMGARH","6","6","10/30/2023 12:00:00 AM"
"35","Jharkhand","652","364","RANCHI","18","18","10/30/2023 12:00:00 AM"
"35","Jharkhand","653","352","SAHIBGANJ","9","9","10/30/2023 12:00:00 AM"
"35","Jharkhand","656","369","SERAIKELA KHARSAWAN","9","9","10/30/2023 12:00:00 AM"
"35","Jharkhand","658","367","SIMDEGA","10","10","10/30/2023 12:00:00 AM"
"10","Karnataka","185","556","BAGALKOT","9","9","10/30/2023 12:00:00 AM"
"10","Karnataka","189","565","BALLARI","5","5","10/30/2023 12:00:00 AM"
"10","Karnataka","188","555","BELAGAVI","15","14","10/30/2023 12:00:00 AM"
"10","Karnataka","186","583","BENGALURU RURAL","4","4","10/30/2023 12:00:00 AM"
"10","Karnataka","187","572","BENGALURU URBAN","5","5","10/30/2023 12:00:00 AM"
"10","Karnataka","190","558","BIDAR","8","8","10/30/2023 12:00:00 AM"
"10","Karnataka","192","578","CHAMARAJANAGARA","5","5","10/30/2023 12:00:00 AM"
"10","Karnataka","212","582","CHIKKABALLAPURA","6","6","10/30/2023 12:00:00 AM"
"10","Karnataka","193","570","CHIKKAMAGALURU","9","9","10/30/2023 12:00:00 AM"
"10","Karnataka","194","566","CHITRADURGA","6","6","10/30/2023 12:00:00 AM"
"10","Karnataka","196","567","DAVANGERE","6","6","10/30/2023 12:00:00 AM"
"10","Karnataka","197","562","DHARWAD","7","7","10/30/2023 12:00:00 AM"
"10","Karnataka","198","561","GADAG","7","7","10/30/2023 12:00:00 AM"
"10","Karnataka","200","574","HASSAN","8","8","10/30/2023 12:00:00 AM"
"10","Karnataka","201","564","HAVERI","8","8","10/30/2023 12:00:00 AM"
"10","Karnataka","199","579","KALABURAGI","11","11","10/30/2023 12:00:00 AM"
"10","Karnataka","202","576","KODAGU","5","5","10/30/2023 12:00:00 AM"
"10","Karnataka","203","581","KOLAR","6","6","10/30/2023 12:00:00 AM"
"10","Karnataka","204","560","KOPPAL","7","7","10/30/2023 12:00:00 AM"
"10","Karnataka","205","573","MANDYA","7","7","10/30/2023 12:00:00 AM"
"10","Karnataka","195","575","MANGALORE(DAKSHINA KANNADA)","9","9","10/30/2023 12:00:00 AM"
"10","Karnataka","206","577","MYSURU","9","9","10/30/2023 12:00:00 AM"
"10","Karnataka","207","559","RAICHUR","7","7","10/30/2023 12:00:00 AM"
"10","Karnataka","213","584","RAMANAGARA","4","4","10/30/2023 12:00:00 AM"
"10","Karnataka","208","568","SHIVAMOGGA","7","7","10/30/2023 12:00:00 AM"
"10","Karnataka","209","571","TUMAKURU","10","10","10/30/2023 12:00:00 AM"
"10","Karnataka","210","569","UDUPI","7","7","10/30/2023 12:00:00 AM"
"10","Karnataka","211","563","UTTARA KANNADA","12","12","10/30/2023 12:00:00 AM"
"10","Karnataka","1362","798","VIJAYANAGARA","6","6","10/30/2023 12:00:00 AM"
"10","Karnataka","191","557","VIJAYAPUR","13","13","10/30/2023 12:00:00 AM"
"10","Karnataka","214","580","YADGIR","6","6","10/30/2023 12:00:00 AM"
"11","Kerala","215","598","ALAPPUZHA","12","12","10/30/2023 12:00:00 AM"
"11","Kerala","216","595","ERNAKULAM","14","14","10/30/2023 12:00:00 AM"
"11","Kerala","217","596","IDUKKI","8","8","10/30/2023 12:00:00 AM"
"11","Kerala","218","589","KANNUR","11","11","10/30/2023 12:00:00 AM"
"11","Kerala","219","588","KASARGOD","6","6","10/30/2023 12:00:00 AM"
"11","Kerala","220","600","KOLLAM","11","11","10/30/2023 12:00:00 AM"
"11","Kerala","221","597","KOTTAYAM","11","11","10/30/2023 12:00:00 AM"
"11","Kerala","222","591","KOZHIKODE","12","12","10/30/2023 12:00:00 AM"
"11","Kerala","223","592","MALAPPURAM","15","15","10/30/2023 12:00:00 AM"
"11","Kerala","224","593","PALAKKAD","13","13","10/30/2023 12:00:00 AM"
"11","Kerala","225","599","PATHANAMTHITTA","8","8","10/30/2023 12:00:00 AM"
"11","Kerala","226","601","THIRUVANANTHAPURAM","11","11","10/30/2023 12:00:00 AM"
"11","Kerala","227","594","THRISSUR","16","16","10/30/2023 12:00:00 AM"
"11","Kerala","228","590","WAYANAD","4","4","10/30/2023 12:00:00 AM"
"37","Ladakh","168","004","KARGIL","15","15","10/30/2023 12:00:00 AM"
"37","Ladakh","171","003","LEH (LADAKH)","16","16","10/30/2023 12:00:00 AM"
"31","Lakshadweep","592","587","LAKSHADWEEP","10","9","10/30/2023 12:00:00 AM"
"12","Madhya Pradesh","279","724","AGAR MALWA","4","4","10/30/2023 12:00:00 AM"
"12","Madhya Pradesh","277","465","ALIRAJPUR","6","6","10/30/2023 12:00:00 AM"
"12","Madhya Pradesh","274","461","ANUPPUR","4","4","10/30/2023 12:00:00 AM"
"12","Madhya Pradesh","275","459","ASHOKNAGAR","4","4","10/30/2023 12:00:00 AM"
"12","Madhya Pradesh","229","457","BALAGHAT","10","10","10/30/2023 12:00:00 AM"
"12","Madhya Pradesh","230","441","BARWANI","7","7","10/30/2023 12:00:00 AM"
"12","Madhya Pradesh","231","447","BETUL","10","10","10/30/2023 12:00:00 AM"
"12","Madhya Pradesh","232","420","BHIND","6","6","10/30/2023 12:00:00 AM"
"12","Madhya Pradesh","233","444","BHOPAL","2","2","10/30/2023 12:00:00 AM"
"12","Madhya Pradesh","276","467","BURHANPUR","2","2","10/30/2023 12:00:00 AM"
"12","Madhya Pradesh","234","425","CHHATARPUR","8","8","10/30/2023 12:00:00 AM"
"12","Madhya Pradesh","235","455","CHHINDWARA","11","11","10/30/2023 12:00:00 AM"
"12","Madhya Pradesh","236","428","DAMOH","7","7","10/30/2023 12:00:00 AM"
"12","Madhya Pradesh","237","422","DATIA","3","3","10/30/2023 12:00:00 AM"
"12","Madhya Pradesh","238","437","DEWAS","6","6","10/30/2023 12:00:00 AM"
"12","Madhya Pradesh","239","438","DHAR","13","13","10/30/2023 12:00:00 AM"
"12","Madhya Pradesh","240","453","DINDORI","7","7","10/30/2023 12:00:00 AM"
"12","Madhya Pradesh","241","458","GUNA","5","5","10/30/2023 12:00:00 AM"
"12","Madhya Pradesh","242","421","GWALIOR","4","4","10/30/2023 12:00:00 AM"
"12","Madhya Pradesh","243","448","HARDA","3","3","10/30/2023 12:00:00 AM"
"12","Madhya Pradesh","244","449","HOSHANGABAD","7","7","10/30/2023 12:00:00 AM"
"12","Madhya Pradesh","245","439","INDORE","4","4","10/30/2023 12:00:00 AM"
"12","Madhya Pradesh","246","451","JABALPUR","7","7","10/30/2023 12:00:00 AM"
"12","Madhya Pradesh","247","464","JHABUA","6","6","10/30/2023 12:00:00 AM"
"12","Madhya Pradesh","248","450","KATNI","6","6","10/30/2023 12:00:00 AM"
"12","Madhya Pradesh","249","466","KHANDWA(EAST NIMAR)","7","7","10/30/2023 12:00:00 AM"
"12","Madhya Pradesh","250","440","KHARGONE","9","9","10/30/2023 12:00:00 AM"
"12","Madhya Pradesh","251","454","MANDLA","9","9","10/30/2023 12:00:00 AM"
"12","Madhya Pradesh","252","433","MANDSAUR","5","5","10/30/2023 12:00:00 AM"
"12","Madhya Pradesh","253","419","MORENA","7","7","10/30/2023 12:00:00 AM"
"12","Madhya Pradesh","254","452","NARSINGHPUR","6","6","10/30/2023 12:00:00 AM"
"12","Madhya Pradesh","255","432","NEEMUCH","3","3","10/30/2023 12:00:00 AM"
"12","Madhya Pradesh","1385","782","NIWARI","2","2","10/30/2023 12:00:00 AM"
"12","Madhya Pradesh","256","426","PANNA","5","5","10/30/2023 12:00:00 AM"
"12","Madhya Pradesh","257","446","RAISEN","7","7","10/30/2023 12:00:00 AM"
"12","Madhya Pradesh","258","442","RAJGARH","6","6","10/30/2023 12:00:00 AM"
"12","Madhya Pradesh","259","434","RATLAM","6","6","10/30/2023 12:00:00 AM"
"12","Madhya Pradesh","260","430","REWA","9","9","10/30/2023 12:00:00 AM"
"12","Madhya Pradesh","261","427","SAGAR","11","11","10/30/2023 12:00:00 AM"
"12","Madhya Pradesh","262","429","SATNA","8","8","10/30/2023 12:00:00 AM"
"12","Madhya Pradesh","263","445","SEHORE","5","5","10/30/2023 12:00:00 AM"
"12","Madhya Pradesh","264","456","SEONI","8","8","10/30/2023 12:00:00 AM"
"12","Madhya Pradesh","265","460","SHAHDOL","5","5","10/30/2023 12:00:00 AM"
"12","Madhya Pradesh","266","436","SHAJAPUR","4","4","10/30/2023 12:00:00 AM"
"12","Madhya Pradesh","269","418","SHEOPUR","3","3","10/30/2023 12:00:00 AM"
"12","Madhya Pradesh","267","423","SHIVPURI","8","8","10/30/2023 12:00:00 AM"
"12","Madhya Pradesh","268","462","SIDHI","5","5","10/30/2023 12:00:00 AM"
"12","Madhya Pradesh","278","463","SINGRAULI","3","3","10/30/2023 12:00:00 AM"
"12","Madhya Pradesh","270","424","TIKAMGARH","4","4","10/30/2023 12:00:00 AM"
"12","Madhya Pradesh","271","435","UJJAIN","6","6","10/30/2023 12:00:00 AM"
"12","Madhya Pradesh","272","431","UMARIA","3","3","10/30/2023 12:00:00 AM"
"12","Madhya Pradesh","273","443","VIDISHA","7","7","10/30/2023 12:00:00 AM"
"13","Maharashtra","280","522","AHMEDNAGAR","14","14","10/30/2023 12:00:00 AM"
"13","Maharashtra","281","501","AKOLA","7","7","10/30/2023 12:00:00 AM"
"13","Maharashtra","282","503","AMRAVATI","14","14","10/30/2023 12:00:00 AM"
"13","Maharashtra","283","515","AURANGABAD","9","9","10/30/2023 12:00:00 AM"
"13","Maharashtra","284","523","BEED","11","11","10/30/2023 12:00:00 AM"
"13","Maharashtra","285","506","BHANDARA","7","7","10/30/2023 12:00:00 AM"
"13","Maharashtra","286","500","BULDHANA","13","13","10/30/2023 12:00:00 AM"
"13","Maharashtra","287","509","CHANDRAPUR","15","15","10/30/2023 12:00:00 AM"
"13","Maharashtra","288","498","DHULE","4","4","10/30/2023 12:00:00 AM"
"13","Maharashtra","289","508","GADCHIROLI","12","12","10/30/2023 12:00:00 AM"
"13","Maharashtra","310","507","GONDIA","8","8","10/30/2023 12:00:00 AM"
"13","Maharashtra","312","512","HINGOLI","5","5","10/30/2023 12:00:00 AM"
"13","Maharashtra","290","499","JALGAON","15","15","10/30/2023 12:00:00 AM"
"13","Maharashtra","291","514","JALNA","8","8","10/30/2023 12:00:00 AM"
"13","Maharashtra","292","530","KOLHAPUR","12","12","10/30/2023 12:00:00 AM"
"13","Maharashtra","293","524","LATUR","10","10","10/30/2023 12:00:00 AM"
"13","Maharashtra","294","505","NAGPUR","13","13","10/30/2023 12:00:00 AM"
"13","Maharashtra","295","511","NANDED","16","16","10/30/2023 12:00:00 AM"
"13","Maharashtra","311","497","NANDURBAR","6","6","10/30/2023 12:00:00 AM"
"13","Maharashtra","296","516","NASHIK","15","15","10/30/2023 12:00:00 AM"
"13","Maharashtra","297","525","OSMANABAD","8","8","10/30/2023 12:00:00 AM"
"13","Maharashtra","309","732","PALGHAR","8","8","10/30/2023 12:00:00 AM"
"13","Maharashtra","298","513","PARBHANI","9","9","10/30/2023 12:00:00 AM"
"13","Maharashtra","299","521","PUNE","13","13","10/30/2023 12:00:00 AM"
"13","Maharashtra","300","520","RAIGAD","15","15","10/30/2023 12:00:00 AM"
"13","Maharashtra","301","528","RATNAGIRI","9","9","10/30/2023 12:00:00 AM"
"13","Maharashtra","302","531","SANGLI","10","10","10/30/2023 12:00:00 AM"
"13","Maharashtra","303","527","SATARA","11","11","10/30/2023 12:00:00 AM"
"13","Maharashtra","304","529","SINDHUDURG","8","8","10/30/2023 12:00:00 AM"
"13","Maharashtra","305","526","SOLAPUR","11","11","10/30/2023 12:00:00 AM"
"13","Maharashtra","306","517","THANE","5","5","10/30/2023 12:00:00 AM"
"13","Maharashtra","307","504","WARDHA","8","8","10/30/2023 12:00:00 AM"
"13","Maharashtra","313","502","WASHIM","6","6","10/30/2023 12:00:00 AM"
"13","Maharashtra","308","510","YAVATMAL","16","16","10/30/2023 12:00:00 AM"
"14","Manipur","316","275","BISHNUPUR","2","2","10/30/2023 12:00:00 AM"
"14","Manipur","317","280","CHANDEL","3","3","10/30/2023 12:00:00 AM"
"14","Manipur","318","274","CHURACHANDPUR","7","7","10/30/2023 12:00:00 AM"
"14","Manipur","319","278","IMPHAL EAST","2","2","10/30/2023 12:00:00 AM"
"14","Manipur","324","277","IMPHAL WEST","2","2","10/30/2023 12:00:00 AM"
"14","Manipur","751","766","JIRIBAM","1","1","10/30/2023 12:00:00 AM"
"14","Manipur","753","768","KAKCHING","1","1","10/30/2023 12:00:00 AM"
"14","Manipur","755","770","KAMJONG","3","3","10/30/2023 12:00:00 AM"
"14","Manipur","752","767","KANGPOKPI","3","3","10/30/2023 12:00:00 AM"
"14","Manipur","756","771","NONEY","4","4","10/30/2023 12:00:00 AM"
"14","Manipur","757","772","PHERZAWL","3","3","10/30/2023 12:00:00 AM"
"14","Manipur","320","272","SENAPATI","3","3","10/30/2023 12:00:00 AM"
"14","Manipur","321","273","TAMENGLONG","3","3","10/30/2023 12:00:00 AM"
"14","Manipur","754","769","TENGNOUPAL","3","3","10/30/2023 12:00:00 AM"
"14","Manipur","322","276","THOUBAL","1","1","10/30/2023 12:00:00 AM"
"14","Manipur","323","279","UKHRUL","3","3","10/30/2023 12:00:00 AM"
"15","Meghalaya","325","294","EAST GARO HILLS","3","3","10/30/2023 12:00:00 AM"
"15","Meghalaya","327","714","EAST JAINTIA HILLS","2","2","10/30/2023 12:00:00 AM"
"15","Meghalaya","326","298","EAST KHASI HILLS","11","11","10/30/2023 12:00:00 AM"
"15","Meghalaya","735","712","NORTH GARO HILLS","2","2","10/30/2023 12:00:00 AM"
"15","Meghalaya","735","712","NORTH GARO HILLS","4","2","10/30/2023 12:00:00 AM"
"15","Meghalaya","328","297","RI BHOI","3","3","10/30/2023 12:00:00 AM"
"15","Meghalaya","328","297","RI BHOI","4","3","10/30/2023 12:00:00 AM"
"15","Meghalaya","329","295","SOUTH GARO HILLS","4","4","10/30/2023 12:00:00 AM"
"15","Meghalaya","733","711","SOUTH WEST GARO HILLS","2","2","10/30/2023 12:00:00 AM"
"15","Meghalaya","733","711","SOUTH WEST GARO HILLS","3","2","10/30/2023 12:00:00 AM"
"15","Meghalaya","734","713","SOUTH WEST KHASI HILLS","2","2","10/30/2023 12:00:00 AM"
"15","Meghalaya","330","293","WEST GARO HILLS","6","6","10/30/2023 12:00:00 AM"
"15","Meghalaya","330","293","WEST GARO HILLS","8","6","10/30/2023 12:00:00 AM"
"15","Meghalaya","732","299","WEST JAINTIA HILLS","3","3","10/30/2023 12:00:00 AM"
"15","Meghalaya","331","296","WEST KHASI HILLS","2","4","10/30/2023 12:00:00 AM"
"15","Meghalaya","331","296","WEST KHASI HILLS","4","4","10/30/2023 12:00:00 AM"
"16","Mizoram","332","283","AIZAWL","4","4","10/30/2023 12:00:00 AM"
"16","Mizoram","333","284","CHAMPHAI","2","2","10/30/2023 12:00:00 AM"
"16","Mizoram","1386","793","HnahThial","1","1","10/30/2023 12:00:00 AM"
"16","Mizoram","1387","795","KHAWZAWL","1","1","10/30/2023 12:00:00 AM"
"16","Mizoram","337","282","KOLASIB","2","2","10/30/2023 12:00:00 AM"
"16","Mizoram","339","287","LAWNGTLAI","4","4","10/30/2023 12:00:00 AM"
"16","Mizoram","334","286","LUNGLEI","3","3","10/30/2023 12:00:00 AM"
"16","Mizoram","335","281","MAMIT","3","3","10/30/2023 12:00:00 AM"
"16","Mizoram","336","288","SAIHA","2","2","10/30/2023 12:00:00 AM"
"16","Mizoram","1388","794","SAITUAL","2","2","10/30/2023 12:00:00 AM"
"16","Mizoram","338","285","SERCHHIP","2","2","10/30/2023 12:00:00 AM"
"17","Nagaland","347","265","DIMAPUR","3","6","10/30/2023 12:00:00 AM"
"17","Nagaland","347","265","DIMAPUR","6","6","10/30/2023 12:00:00 AM"
"17","Nagaland","349","269","KIPHIRE","5","5","10/30/2023 12:00:00 AM"
"17","Nagaland","340","270","KOHIMA","5","7","10/30/2023 12:00:00 AM"
"17","Nagaland","340","270","KOHIMA","7","7","10/30/2023 12:00:00 AM"
"17","Nagaland","350","268","LONGLENG","3","3","10/30/2023 12:00:00 AM"
"17","Nagaland","341","262","MOKOKCHUNG","9","9","10/30/2023 12:00:00 AM"
"17","Nagaland","342","261","MON","8","8","10/30/2023 12:00:00 AM"
"17","Nagaland","348","271","PEREN","4","4","10/30/2023 12:00:00 AM"
"17","Nagaland","343","266","PHEK","8","8","10/30/2023 12:00:00 AM"
"17","Nagaland","344","267","TUENSANG","4","9","10/30/2023 12:00:00 AM"
"17","Nagaland","344","267","TUENSANG","9","9","10/30/2023 12:00:00 AM"
"17","Nagaland","345","264","WOKHA","7","7","10/30/2023 12:00:00 AM"
"17","Nagaland","346","263","ZUNHEBOTO","8","8","10/30/2023 12:00:00 AM"
"18","Odisha","351","384","ANGUL","8","8","10/30/2023 12:00:00 AM"
"18","Odisha","355","393","BALANGIR","14","14","10/30/2023 12:00:00 AM"
"18","Odisha","352","377","BALESWAR","12","12","10/30/2023 12:00:00 AM"
"18","Odisha","353","370","BARGARH","12","12","10/30/2023 12:00:00 AM"
"18","Odisha","354","378","BHADRAK","7","7","10/30/2023 12:00:00 AM"
"18","Odisha","356","391","BOUDH","3","3","10/30/2023 12:00:00 AM"
"18","Odisha","357","381","CUTTACK","14","14","10/30/2023 12:00:00 AM"
"18","Odisha","358","373","DEBAGARH","3","3","10/30/2023 12:00:00 AM"
"18","Odisha","359","383","DHENKANAL","8","8","10/30/2023 12:00:00 AM"
"18","Odisha","360","389","GAJAPATI","7","7","10/30/2023 12:00:00 AM"
"18","Odisha","361","388","GANJAM","22","22","10/30/2023 12:00:00 AM"
"18","Odisha","362","380","JAGATSINGHAPUR","8","8","10/30/2023 12:00:00 AM"
"18","Odisha","363","382","JAJAPUR","10","10","10/30/2023 12:00:00 AM"
"18","Odisha","364","371","JHARSUGUDA","5","5","10/30/2023 12:00:00 AM"
"18","Odisha","365","395","KALAHANDI","13","13","10/30/2023 12:00:00 AM"
"18","Odisha","366","390","KANDHAMAL","12","12","10/30/2023 12:00:00 AM"
"18","Odisha","367","379","KENDRAPARA","9","9","10/30/2023 12:00:00 AM"
"18","Odisha","368","375","KENDUJHAR","13","13","10/30/2023 12:00:00 AM"
"18","Odisha","369","386","KHORDHA","10","10","10/30/2023 12:00:00 AM"
"18","Odisha","370","398","KORAPUT","14","14","10/30/2023 12:00:00 AM"
"18","Odisha","371","399","MALKANGIRI","7","7","10/30/2023 12:00:00 AM"
"18","Odisha","372","376","MAYURBHANJ","26","26","10/30/2023 12:00:00 AM"
"18","Odisha","374","397","NABARANGAPUR","10","10","10/30/2023 12:00:00 AM"
"18","Odisha","375","385","NAYAGARH","8","8","10/30/2023 12:00:00 AM"
"18","Odisha","373","394","NUAPADA","5","5","10/30/2023 12:00:00 AM"
"18","Odisha","376","387","PURI","11","11","10/30/2023 12:00:00 AM"
"18","Odisha","377","396","RAYAGADA","11","11","10/30/2023 12:00:00 AM"
"18","Odisha","378","372","SAMBALPUR","9","9","10/30/2023 12:00:00 AM"
"18","Odisha","379","392","SONEPUR","6","6","10/30/2023 12:00:00 AM"
"18","Odisha","380","374","SUNDARGARH","17","17","10/30/2023 12:00:00 AM"
"32","Puducherry","593","637","KARAIKAL","1","1","10/30/2023 12:00:00 AM"
"32","Puducherry","594","635","PONDICHERRY","2","2","10/30/2023 12:00:00 AM"
"19","Punjab","381","049","AMRITSAR","9","9","10/30/2023 12:00:00 AM"
"19","Punjab","398","054","BARNALA","3","3","10/30/2023 12:00:00 AM"
"19","Punjab","382","046","BATHINDA","9","9","10/30/2023 12:00:00 AM"
"19","Punjab","383","045","FARIDKOT","3","3","10/30/2023 12:00:00 AM"
"19","Punjab","384","040","FATEHGARH SAHIB","5","5","10/30/2023 12:00:00 AM"
"19","Punjab","401","701","FAZILKA","5","5","10/30/2023 12:00:00 AM"
"19","Punjab","385","043","FEROZEPUR","6","6","10/30/2023 12:00:00 AM"
"19","Punjab","386","035","GURDASPUR","11","11","10/30/2023 12:00:00 AM"
"19","Punjab","387","038","HOSHIARPUR","10","10","10/30/2023 12:00:00 AM"
"19","Punjab","388","037","JALANDHAR","11","11","10/30/2023 12:00:00 AM"
"19","Punjab","389","036","KAPURTHALA","5","5","10/30/2023 12:00:00 AM"
"19","Punjab","390","041","LUDHIANA","13","13","10/30/2023 12:00:00 AM"
"19","Punjab","1151","797","MALERKOTLA","3","3","10/30/2023 12:00:00 AM"
"19","Punjab","391","047","MANSA","5","5","10/30/2023 12:00:00 AM"
"19","Punjab","392","042","MOGA","5","5","10/30/2023 12:00:00 AM"
"19","Punjab","393","044","MUKTSAR","4","4","10/30/2023 12:00:00 AM"
"19","Punjab","402","773","PATHANKOT","6","6","10/30/2023 12:00:00 AM"
"19","Punjab","395","048","PATIALA","10","10","10/30/2023 12:00:00 AM"
"19","Punjab","396","051","RUPNAGAR","5","5","10/30/2023 12:00:00 AM"
"19","Punjab","399","052","S.A.S Nagar","4","4","10/30/2023 12:00:00 AM"
"19","Punjab","397","053","SANGRUR","8","8","10/30/2023 12:00:00 AM"
"19","Punjab","394","039","Shahid Bhagat Singh Nagar","5","5","10/30/2023 12:00:00 AM"
"19","Punjab","400","050","Tarn Taran","8","8","10/30/2023 12:00:00 AM"
"20","Rajasthan","403","119","AJMER","11","11","10/30/2023 12:00:00 AM"
"20","Rajasthan","404","104","ALWAR","16","16","10/30/2023 12:00:00 AM"
"20","Rajasthan","405","125","BANSWARA","11","11","10/30/2023 12:00:00 AM"
"20","Rajasthan","406","128","BARAN","8","8","10/30/2023 12:00:00 AM"
"20","Rajasthan","407","115","BARMER","21","21","10/30/2023 12:00:00 AM"
"20","Rajasthan","408","105","BHARATPUR","12","12","10/30/2023 12:00:00 AM"
"20","Rajasthan","409","122","BHILWARA","14","14","10/30/2023 12:00:00 AM"
"20","Rajasthan","410","101","BIKANER","9","9","10/30/2023 12:00:00 AM"
"20","Rajasthan","411","121","BUNDI","5","5","10/30/2023 12:00:00 AM"
"20","Rajasthan","412","126","CHITTORGARH","11","11","10/30/2023 12:00:00 AM"
"20","Rajasthan","413","102","CHURU","7","7","10/30/2023 12:00:00 AM"
"20","Rajasthan","414","109","DAUSA","11","11","10/30/2023 12:00:00 AM"
"20","Rajasthan","415","106","DHOLPUR","6","6","10/30/2023 12:00:00 AM"
"20","Rajasthan","416","124","DUNGARPUR","10","10","10/30/2023 12:00:00 AM"
"20","Rajasthan","417","099","GANGANAGAR","9","9","10/30/2023 12:00:00 AM"
"20","Rajasthan","418","100","HANUMANGARH","7","7","10/30/2023 12:00:00 AM"
"20","Rajasthan","419","110","JAIPUR","22","22","10/30/2023 12:00:00 AM"
"20","Rajasthan","420","114","JAISALMER","7","7","10/30/2023 12:00:00 AM"
"20","Rajasthan","421","116","JALOR","10","10","10/30/2023 12:00:00 AM"
"20","Rajasthan","422","129","JHALAWAR","8","8","10/30/2023 12:00:00 AM"
"20","Rajasthan","423","103","JHUNJHUNU","11","11","10/30/2023 12:00:00 AM"
"20","Rajasthan","424","113","JODHPUR","21","21","10/30/2023 12:00:00 AM"
"20","Rajasthan","425","107","KARAULI","8","8","10/30/2023 12:00:00 AM"
"20","Rajasthan","426","127","KOTA","5","5","10/30/2023 12:00:00 AM"
"20","Rajasthan","427","112","NAGAUR","15","15","10/30/2023 12:00:00 AM"
"20","Rajasthan","428","118","PALI","10","10","10/30/2023 12:00:00 AM"
"20","Rajasthan","435","131","PRATAPGARH","8","8","10/30/2023 12:00:00 AM"
"20","Rajasthan","429","123","RAJSAMAND","8","8","10/30/2023 12:00:00 AM"
"20","Rajasthan","432","108","SAWAI MADHOPUR","7","7","10/30/2023 12:00:00 AM"
"20","Rajasthan","430","111","SIKAR","12","12","10/30/2023 12:00:00 AM"
"20","Rajasthan","431","117","SIROHI","5","5","10/30/2023 12:00:00 AM"
"20","Rajasthan","433","120","TONK","7","7","10/30/2023 12:00:00 AM"
"20","Rajasthan","434","130","UDAIPUR","20","20","10/30/2023 12:00:00 AM"
"21","Sikkim","436","244","GANGTOK","5","5","10/30/2023 12:00:00 AM"
"21","Sikkim","439","242","GYALSHING","5","5","10/30/2023 12:00:00 AM"
"21","Sikkim","437","241","MANGAN","4","4","10/30/2023 12:00:00 AM"
"21","Sikkim","438","243","NAMCHI","8","8","10/30/2023 12:00:00 AM"
"21","Sikkim","1363","801","Pakyong","5","5","10/30/2023 12:00:00 AM"
"21","Sikkim","1364","802","Soreng","5","5","10/30/2023 12:00:00 AM"
"21","Sikkim","1364","802","Soreng","6","5","10/30/2023 12:00:00 AM"
"22","Tamil Nadu","470","616","Ariyalur","6","6","10/30/2023 12:00:00 AM"
"22","Tamil Nadu","1356","787","CHENGALPATTU","8","8","10/30/2023 12:00:00 AM"
"22","Tamil Nadu","440","632","COIMBATORE","12","12","10/30/2023 12:00:00 AM"
"22","Tamil Nadu","441","617","CUDDALORE","14","14","10/30/2023 12:00:00 AM"
"22","Tamil Nadu","442","630","DHARMAPURI","10","10","10/30/2023 12:00:00 AM"
"22","Tamil Nadu","443","612","DINDIGUL","14","14","10/30/2023 12:00:00 AM"
"22","Tamil Nadu","444","610","ERODE","14","14","10/30/2023 12:00:00 AM"
"22","Tamil Nadu","1353","789","KALLAKURICHI","9","9","10/30/2023 12:00:00 AM"
"22","Tamil Nadu","445","604","KANCHIPURAM","5","5","10/30/2023 12:00:00 AM"
"22","Tamil Nadu","446","629","KANYAKUMARI(NAGERCOIL)","9","9","10/30/2023 12:00:00 AM"
"22","Tamil Nadu","447","613","KARUR","8","8","10/30/2023 12:00:00 AM"
"22","Tamil Nadu","468","631","KRISHNAGIRI","10","10","10/30/2023 12:00:00 AM"
"22","Tamil Nadu","448","623","MADURAI","13","13","10/30/2023 12:00:00 AM"
"22","Tamil Nadu","1361","33","Mayiladuthurai","5","5","10/30/2023 12:00:00 AM"
"22","Tamil Nadu","449","618","NAGAPATTINAM","6","6","10/30/2023 12:00:00 AM"
"22","Tamil Nadu","450","609","NAMAKKAL","15","15","10/30/2023 12:00:00 AM"
"22","Tamil Nadu","457","611","NILGIRIS(UDHAGAMANDALAM)","4","4","10/30/2023 12:00:00 AM"
"22","Tamil Nadu","451","615","PERAMBALUR","4","4","10/30/2023 12:00:00 AM"
"22","Tamil Nadu","452","621","PUDUKKOTTAI","13","13","10/30/2023 12:00:00 AM"
"22","Tamil Nadu","453","626","RAMANATHAPURAM","11","11","10/30/2023 12:00:00 AM"
"22","Tamil Nadu","1354","786","RANIPET","7","7","10/30/2023 12:00:00 AM"
"22","Tamil Nadu","454","608","SALEM","20","20","10/30/2023 12:00:00 AM"
"22","Tamil Nadu","455","622","SIVAGANGA","12","12","10/30/2023 12:00:00 AM"
"22","Tamil Nadu","1357","790","TENKASI","10","10","10/30/2023 12:00:00 AM"
"22","Tamil Nadu","456","620","THANJAVUR","14","14","10/30/2023 12:00:00 AM"
"22","Tamil Nadu","458","624","THENI","8","8","10/30/2023 12:00:00 AM"
"22","Tamil Nadu","467","627","THOOTHUKUDI","12","12","10/30/2023 12:00:00 AM"
"22","Tamil Nadu","463","614","TIRUCHIRAPPALLI","14","14","10/30/2023 12:00:00 AM"
"22","Tamil Nadu","460","628","TIRUNELVELI","9","9","10/30/2023 12:00:00 AM"
"22","Tamil Nadu","1355","788","TIRUPATHUR","6","6","10/30/2023 12:00:00 AM"
"22","Tamil Nadu","471","633","TIRUPPUR","13","13","10/30/2023 12:00:00 AM"
"22","Tamil Nadu","461","602","TIRUVALLUR","14","14","10/30/2023 12:00:00 AM"
"22","Tamil Nadu","459","606","TIRUVANNAMALAI","18","18","10/30/2023 12:00:00 AM"
"22","Tamil Nadu","462","619","TIRUVARUR","10","10","10/30/2023 12:00:00 AM"
"22","Tamil Nadu","464","605","VELLORE","7","7","10/30/2023 12:00:00 AM"
"22","Tamil Nadu","465","607","VILLUPURAM","13","13","10/30/2023 12:00:00 AM"
"22","Tamil Nadu","466","625","VIRUDHUNAGAR","11","11","10/30/2023 12:00:00 AM"
"36","Telangana","661","532","ADILABAD","17","17","10/30/2023 12:00:00 AM"
"36","Telangana","707","753","BADRADRI KOTHAGUDEM","22","22","10/30/2023 12:00:00 AM"
"36","Telangana","670","540","HANUMAKONDA","12","12","10/30/2023 12:00:00 AM"
"36","Telangana","708","737","JAGTIAL","18","18","10/30/2023 12:00:00 AM"
"36","Telangana","709","752","JANGAON","12","12","10/30/2023 12:00:00 AM"
"36","Telangana","710","750","JAYASHANKAR BHUPALAPALLY","11","11","10/30/2023 12:00:00 AM"
"36","Telangana","711","744","JOGULAMBA GADWAL","12","12","10/30/2023 12:00:00 AM"
"36","Telangana","712","736","KAMAREDDY","22","22","10/30/2023 12:00:00 AM"
"36","Telangana","663","534","KARIMNAGAR","15","15","10/30/2023 12:00:00 AM"
"36","Telangana","664","541","KHAMMAM","20","20","10/30/2023 12:00:00 AM"
"36","Telangana","713","733","KOMARAM BHEEM ASIFABAD","15","15","10/30/2023 12:00:00 AM"
"36","Telangana","714","751","MAHABUBABAD","16","16","10/30/2023 12:00:00 AM"
"36","Telangana","665","538","MAHBUBNAGAR","14","14","10/30/2023 12:00:00 AM"
"36","Telangana","665","538","MAHBUBNAGAR","15","14","10/30/2023 12:00:00 AM"
"36","Telangana","715","735","MANCHERIAL","16","16","10/30/2023 12:00:00 AM"
"36","Telangana","666","535","MEDAK","20","20","10/30/2023 12:00:00 AM"
"36","Telangana","716","742","MEDCHAL","5","5","10/30/2023 12:00:00 AM"
"36","Telangana","1352","780","MULUGU","9","9","10/30/2023 12:00:00 AM"
"36","Telangana","717","746","NAGARKURNOOL","20","20","10/30/2023 12:00:00 AM"
"36","Telangana","667","539","NALGONDA","31","31","10/30/2023 12:00:00 AM"
"36","Telangana","1351","781","NARAYANPET","11","11","10/30/2023 12:00:00 AM"
"36","Telangana","718","734","NIRMAL","18","18","10/30/2023 12:00:00 AM"
"36","Telangana","668","533","NIZAMABAD","27","27","10/30/2023 12:00:00 AM"
"36","Telangana","719","738","PEDDAPALLI","13","13","10/30/2023 12:00:00 AM"
"36","Telangana","720","739","RAJANNA SIRICILLA","12","12","10/30/2023 12:00:00 AM"
"36","Telangana","669","537","RANGAREDDI","21","21","10/30/2023 12:00:00 AM"
"36","Telangana","721","740","SANGAREDDY","25","25","10/30/2023 12:00:00 AM"
"36","Telangana","722","741","SIDDIPET","23","23","10/30/2023 12:00:00 AM"
"36","Telangana","723","748","SURYAPET","23","23","10/30/2023 12:00:00 AM"
"36","Telangana","724","743","VIKARABAD","18","18","10/30/2023 12:00:00 AM"
"36","Telangana","724","743","VIKARABAD","19","18","10/30/2023 12:00:00 AM"
"36","Telangana","725","745","WANAPARTHY","14","14","10/30/2023 12:00:00 AM"
"36","Telangana","726","749","WARANGAL","11","11","10/30/2023 12:00:00 AM"
"36","Telangana","727","747","YADADRI","17","17","10/30/2023 12:00:00 AM"
"23","Tripura","472","291","DHALAI","8","8","10/30/2023 12:00:00 AM"
"23","Tripura","478","709","GOMATI","8","8","10/30/2023 12:00:00 AM"
"23","Tripura","476","708","KHOWAI","6","6","10/30/2023 12:00:00 AM"
"23","Tripura","473","292","NORTH TRIPURA","8","8","10/30/2023 12:00:00 AM"
"23","Tripura","477","707","SEPAHIJALA","7","7","10/30/2023 12:00:00 AM"
"23","Tripura","474","290","SOUTH TRIPURA","8","8","10/30/2023 12:00:00 AM"
"23","Tripura","479","710","UNAKOTI","4","4","10/30/2023 12:00:00 AM"
"23","Tripura","475","289","WEST TRIPURA","9","9","10/30/2023 12:00:00 AM"
"24","Uttar Pradesh","480","146","AGRA","15","15","10/30/2023 12:00:00 AM"
"24","Uttar Pradesh","481","143","ALIGARH","12","12","10/30/2023 12:00:00 AM"
"24","Uttar Pradesh","483","178","AMBEDKAR NAGAR","9","9","10/30/2023 12:00:00 AM"
"24","Uttar Pradesh","551","706","AMETHI","13","13","10/30/2023 12:00:00 AM"
"24","Uttar Pradesh","513","137","AMROHA","6","6","10/30/2023 12:00:00 AM"
"24","Uttar Pradesh","484","162","AURAIYA","7","7","10/30/2023 12:00:00 AM"
"24","Uttar Pradesh","502","177","AYODHYA","11","11","10/30/2023 12:00:00 AM"
"24","Uttar Pradesh","485","191","AZAMGARH","22","22","10/30/2023 12:00:00 AM"
"24","Uttar Pradesh","487","139","BAGPAT","6","6","10/30/2023 12:00:00 AM"
"24","Uttar Pradesh","488","180","BAHRAICH","14","14","10/30/2023 12:00:00 AM"
"24","Uttar Pradesh","489","193","BALLIA","17","17","10/30/2023 12:00:00 AM"
"24","Uttar Pradesh","490","182","BALRAMPUR","9","9","10/30/2023 12:00:00 AM"
"24","Uttar Pradesh","491","170","BANDA","8","8","10/30/2023 12:00:00 AM"
"24","Uttar Pradesh","492","176","BARABANKI","15","15","10/30/2023 12:00:00 AM"
"24","Uttar Pradesh","493","150","BAREILLY","15","15","10/30/2023 12:00:00 AM"
"24","Uttar Pradesh","494","185","BASTI","14","13","10/30/2023 12:00:00 AM"
"24","Uttar Pradesh","538","198","BHADOHI","6","6","10/30/2023 12:00:00 AM"
"24","Uttar Pradesh","495","134","BIJNOR","11","11","10/30/2023 12:00:00 AM"
"24","Uttar Pradesh","486","149","BUDAUN","15","15","10/30/2023 12:00:00 AM"
"24","Uttar Pradesh","496","142","BULANDSHAHR","16","16","10/30/2023 12:00:00 AM"
"24","Uttar Pradesh","498","196","CHANDAULI","9","9","10/30/2023 12:00:00 AM"
"24","Uttar Pradesh","497","171","CHITRAKOOT","5","5","10/30/2023 12:00:00 AM"
"24","Uttar Pradesh","499","190","DEORIA","16","16","10/30/2023 12:00:00 AM"
"24","Uttar Pradesh","500","201","ETAH","8","8","10/30/2023 12:00:00 AM"
"24","Uttar Pradesh","501","161","ETAWAH","8","8","10/30/2023 12:00:00 AM"
"24","Uttar Pradesh","503","159","FARRUKHABAD","7","7","10/30/2023 12:00:00 AM"
"24","Uttar Pradesh","504","172","FATEHPUR","13","13","10/30/2023 12:00:00 AM"
"24","Uttar Pradesh","505","147","FIROZABAD","9","9","10/30/2023 12:00:00 AM"
"24","Uttar Pradesh","506","141","GAUTAM BUDDHA NAGAR","3","3","10/30/2023 12:00:00 AM"
"24","Uttar Pradesh","507","140","GHAZIABAD","4","4","10/30/2023 12:00:00 AM"
"24","Uttar Pradesh","508","195","GHAZIPUR","16","16","10/30/2023 12:00:00 AM"
"24","Uttar Pradesh","509","183","GONDA","16","16","10/30/2023 12:00:00 AM"
"24","Uttar Pradesh","510","188","GORAKHPUR","20","20","10/30/2023 12:00:00 AM"
"24","Uttar Pradesh","511","168","HAMIRPUR","7","7","10/30/2023 12:00:00 AM"
"24","Uttar Pradesh","554","705","HAPUR","4","4","10/30/2023 12:00:00 AM"
"24","Uttar Pradesh","512","155","HARDOI","19","19","10/30/2023 12:00:00 AM"
"24","Uttar Pradesh","523","144","HATHRAS","7","7","10/30/2023 12:00:00 AM"
"24","Uttar Pradesh","514","165","JALAUN","9","9","10/30/2023 12:00:00 AM"
"24","Uttar Pradesh","515","194","JAUNPUR","21","21","10/30/2023 12:00:00 AM"
"24","Uttar Pradesh","516","166","JHANSI","8","8","10/30/2023 12:00:00 AM"
"24","Uttar Pradesh","517","160","KANNAUJ","8","8","10/30/2023 12:00:00 AM"
"24","Uttar Pradesh","519","163","KANPUR DEHAT","10","10","10/30/2023 12:00:00 AM"
"24","Uttar Pradesh","518","164","KANPUR NAGAR","10","10","10/30/2023 12:00:00 AM"
"24","Uttar Pradesh","550","202","KASGANJ","7","7","10/30/2023 12:00:00 AM"
"24","Uttar Pradesh","520","174","KAUSHAMBI","8","8","10/30/2023 12:00:00 AM"
"24","Uttar Pradesh","533","189","KUSHINAGAR","14","14","10/30/2023 12:00:00 AM"
"24","Uttar Pradesh","549","153","LAKHIMPUR KHERI","15","15","10/30/2023 12:00:00 AM"
"24","Uttar Pradesh","521","167","LALITPUR","6","6","10/30/2023 12:00:00 AM"
"24","Uttar Pradesh","522","157","LUCKNOW","8","8","10/30/2023 12:00:00 AM"
"24","Uttar Pradesh","525","187","MAHARAJGANJ","12","12","10/30/2023 12:00:00 AM"
"24","Uttar Pradesh","524","169","MAHOBA","4","4","10/30/2023 12:00:00 AM"
"24","Uttar Pradesh","526","148","MAINPURI","9","9","10/30/2023 12:00:00 AM"
"24","Uttar Pradesh","527","145","MATHURA","10","10","10/30/2023 12:00:00 AM"
"24","Uttar Pradesh","528","192","MAU","9","9","10/30/2023 12:00:00 AM"
"24","Uttar Pradesh","529","138","MEERUT","12","12","10/30/2023 12:00:00 AM"
"24","Uttar Pradesh","530","199","MIRZAPUR","12","12","10/30/2023 12:00:00 AM"
"24","Uttar Pradesh","531","135","MORADABAD","8","8","10/30/2023 12:00:00 AM"
"24","Uttar Pradesh","532","133","MUZAFFARNAGAR","9","9","10/30/2023 12:00:00 AM"
"24","Uttar Pradesh","534","151","PILIBHIT","7","7","10/30/2023 12:00:00 AM"
"24","Uttar Pradesh","535","173","PRATAPGARH","17","17","10/30/2023 12:00:00 AM"
"24","Uttar Pradesh","482","175","PRAYAGRAJ","23","23","10/30/2023 12:00:00 AM"
"24","Uttar Pradesh","536","158","RAE BARELI","18","18","10/30/2023 12:00:00 AM"
"24","Uttar Pradesh","537","136","RAMPUR","6","6","10/30/2023 12:00:00 AM"
"24","Uttar Pradesh","539","132","SAHARANPUR","11","11","10/30/2023 12:00:00 AM"
"24","Uttar Pradesh","552","754","SAMBHAL","8","8","10/30/2023 12:00:00 AM"
"24","Uttar Pradesh","540","186","SANT KABIR NAGAR","9","9","10/30/2023 12:00:00 AM"
"24","Uttar Pradesh","542","152","SHAHJAHANPUR","15","15","10/30/2023 12:00:00 AM"
"24","Uttar Pradesh","553","704","SHAMLI","5","5","10/30/2023 12:00:00 AM"
"24","Uttar Pradesh","541","181","SHRAVASTI","5","5","10/30/2023 12:00:00 AM"
"24","Uttar Pradesh","543","184","SIDDHARTHNAGAR","14","14","10/30/2023 12:00:00 AM"
"24","Uttar Pradesh","544","154","SITAPUR","19","19","10/30/2023 12:00:00 AM"
"24","Uttar Pradesh","545","200","SONBHADRA","10","10","10/30/2023 12:00:00 AM"
"24","Uttar Pradesh","546","179","SULTANPUR","14","13","10/30/2023 12:00:00 AM"
"24","Uttar Pradesh","547","156","UNNAO","16","16","10/30/2023 12:00:00 AM"
"24","Uttar Pradesh","548","197","VARANASI","8","8","10/30/2023 12:00:00 AM"
"33","Uttarakhand","597","064","ALMORA","11","11","10/30/2023 12:00:00 AM"
"33","Uttarakhand","598","063","BAGESHWAR","3","3","10/30/2023 12:00:00 AM"
"33","Uttarakhand","599","057","CHAMOLI","9","9","10/30/2023 12:00:00 AM"
"33","Uttarakhand","600","065","CHAMPAWAT","4","4","10/30/2023 12:00:00 AM"
"33","Uttarakhand","601","060","DEHRADUN","6","6","10/30/2023 12:00:00 AM"
"33","Uttarakhand","602","068","HARIDWAR","6","6","10/30/2023 12:00:00 AM"
"33","Uttarakhand","603","066","NAINITAL","8","8","10/30/2023 12:00:00 AM"
"33","Uttarakhand","604","061","PAURI(GARHWAL)","15","15","10/30/2023 12:00:00 AM"
"33","Uttarakhand","605","062","PITHORAGARH","8","8","10/30/2023 12:00:00 AM"
"33","Uttarakhand","606","058","RUDRAPRAYAG","3","3","10/30/2023 12:00:00 AM"
"33","Uttarakhand","607","059","TEHRI GARHWAL","9","9","10/30/2023 12:00:00 AM"
"33","Uttarakhand","608","067","UDHAM SINGH NAGAR","7","7","10/30/2023 12:00:00 AM"
"33","Uttarakhand","609","056","UTTARKASHI","6","6","10/30/2023 12:00:00 AM"
"25","West Bengal","575","774","ALIPUDUAR","6","6","10/30/2023 12:00:00 AM"
"25","West Bengal","555","339","BANKURA","22","22","10/30/2023 12:00:00 AM"
"25","West Bengal","556","334","BIRBHUM","19","19","10/30/2023 12:00:00 AM"
"25","West Bengal","558","329","COOCH BEHAR","12","9","10/30/2023 12:00:00 AM"
"25","West Bengal","559","331","DAKSHIN DINAJPUR","8","8","10/30/2023 12:00:00 AM"
"25","West Bengal","560","327","DARJEELING","9","9","10/30/2023 12:00:00 AM"
"25","West Bengal","561","338","HOOGHLY","18","18","10/30/2023 12:00:00 AM"
"25","West Bengal","562","341","HOWRAH","14","14","10/30/2023 12:00:00 AM"
"25","West Bengal","563","328","JALPAIGURI","9","9","10/30/2023 12:00:00 AM"
"25","West Bengal","737","776","JHARGRAM","8","8","10/30/2023 12:00:00 AM"
"25","West Bengal","564","332","MALDA","15","15","10/30/2023 12:00:00 AM"
"25","West Bengal","565","345","MIDNAPUR EAST","25","25","10/30/2023 12:00:00 AM"
"25","West Bengal","573","344","MIDNAPUR WEST","21","21","10/30/2023 12:00:00 AM"
"25","West Bengal","566","333","MURSHIDABAD","26","26","10/30/2023 12:00:00 AM"
"25","West Bengal","567","336","NADIA","18","18","10/30/2023 12:00:00 AM"
"25","West Bengal","568","337","NORTH 24 PARAGANAS","22","22","10/30/2023 12:00:00 AM"
"25","West Bengal","738","777","PASCHIM BARDHAMAN","8","8","10/30/2023 12:00:00 AM"
"25","West Bengal","557","335","PURBA BARDHAMAN","23","23","10/30/2023 12:00:00 AM"
"25","West Bengal","570","340","PURULIA","20","20","10/30/2023 12:00:00 AM"
"25","West Bengal","572","327","SILIGURI","NA","4","10/30/2023 12:00:00 AM"
"25","West Bengal","572","327","SILIGURI","4","4","10/30/2023 12:00:00 AM"
"25","West Bengal","569","343","SOUTH 24 PARAGANAS","29","29","10/30/2023 12:00:00 AM"
"25","West Bengal","571","330","UTTAR DINAJPUR","9","9","10/30/2023 12:00:00 AM"
